Date,Open,High,Low,Close,Volume,Returns,Log Returns,Returns (%)
2016-01-20,92.83000183105469,95.0,89.37000274658203,94.3499984741211,59051400,,,
2016-01-21,94.91000366210938,95.98999786376953,92.62000274658203,94.16000366210938,30518900,0.9979862764696935,-0.00201575379759062,-0.20137235303064882
2016-01-22,96.41000366210938,98.06999969482422,95.48999786376953,97.94000244140625,30495400,1.040144420478798,0.03935956935731041,4.014442047879796
2016-01-25,98.72000122070312,99.4800033569336,96.93000030517578,97.01000213623047,32482000,0.9905043875638847,-0.009540983207825166,-0.9495612436115297
2016-01-26,97.76000213623047,97.87999725341797,95.66000366210938,97.33999633789062,26877100,1.0034016513183532,0.003395878789556741,0.3401651318353238
2016-01-27,97.79000091552734,97.8499984741211,94.2300033569336,94.44999694824219,58699400,0.9703102578757394,-0.030139405146784124,-2.9689742124260565
2016-01-28,107.19999694824219,110.33999633789062,104.80999755859375,109.11000061035156,107475300,1.1552144429410933,0.14428599162422884,15.521444294109333
2016-01-29,108.98999786376953,112.83999633789062,108.83999633789062,112.20999908447266,62739500,1.0284116804763999,0.028015554256804142,2.841168047639986
2016-02-01,112.2699966430664,115.72000122070312,112.01000213623047,115.08999633789062,46132700,1.0256661373934233,0.025342291643150345,2.566613739342327
2016-02-02,114.80000305175781,117.58999633789062,113.19999694824219,114.61000061035156,59778600,0.9958293879328152,-0.00417933332679914,-0.4170612067184831
2016-02-03,115.2699966430664,115.33999633789062,109.75,112.69000244140625,56919300,0.9832475511847096,-0.016894358205015794,-1.6752448815290366
2016-02-04,111.80000305175781,111.94000244140625,109.25,110.48999786376953,38890200,0.9804773757212347,-0.01971570783812584,-1.9522624278765277
2016-02-05,109.51000213623047,109.58000183105469,103.18000030517578,104.06999969482422,76894700,0.9418952095839394,-0.0598612530735721,-5.810479041606065
2016-02-08,100.41000366210938,102.68000030517578,97.45999908447266,99.75,71229700,0.9584894810464858,-0.04239669094738641,-4.15105189535142
2016-02-09,97.13999938964844,102.4000015258789,96.81999969482422,99.54000091552734,62709000,0.9978947460203242,-0.002107473141982447,-0.21052539796757586
2016-02-10,101.55000305175781,103.25,100.23999786376953,101.0,45179400,1.0146674610311854,0.01456093421326909,1.4667461031185436
2016-02-11,99.5999984741211,105.11000061035156,98.87999725341797,101.91000366210938,43670600,1.0090099372486077,0.008969589934082341,0.9009937248607658
2016-02-12,103.73999786376953,104.23999786376953,101.08999633789062,102.01000213623047,36176800,1.0009812429646519,0.0009807618604683545,0.09812429646518517
2016-02-16,103.80000305175781,103.93000030517578,100.23999786376953,101.61000061035156,45687200,0.996078800926357,-0.003928907131214122,-0.3921199073642967
2016-02-17,102.0199966430664,105.72000122070312,100.4000015258789,105.19999694824219,44073400,1.0353311319390435,0.03472130978990826,3.533113193904347
2016-02-18,105.80000305175781,106.0,103.02999877929688,103.47000122070312,29593500,0.9835551732155448,-0.01658154387999253,-1.6444826784455246
2016-02-19,102.55000305175781,105.0199966430664,102.05999755859375,104.56999969482422,32404500,1.0106310859296772,0.010574973277598085,1.0631085929677209
2016-02-22,105.48999786376953,108.25,105.33999633789062,107.16000366210938,35709700,1.0247681359361556,0.024466378158517113,2.4768135936155566
2016-02-23,106.8499984741211,107.47000122070312,105.12000274658203,105.45999908447266,25319300,0.9841358294182494,-0.01599135342957916,-1.5864170581750603
2016-02-24,104.20999908447266,106.94999694824219,102.73999786376953,106.87999725341797,34412400,1.013464803539472,0.013374958669476513,1.3464803539471992
2016-02-25,107.11000061035156,108.06999969482422,105.61000061035156,108.06999969482422,29906300,1.0111340051645463,0.01107247840067854,1.1134005164546323
2016-02-26,108.69999694824219,109.44999694824219,107.16000366210938,107.91999816894531,26686200,0.9986119966105071,-0.0013889675584806294,-0.13880033894928534
2016-02-29,107.5999984741211,108.91000366210938,106.75,106.91999816894531,32779000,0.9907338767886695,-0.00930932078746891,-0.9266123211330468
2016-03-01,107.83000183105469,109.81999969482422,107.5999984741211,109.81999969482422,26817300,1.0271230974143544,0.026761784926600533,2.712309741435437
2016-03-02,109.68000030517578,110.55000305175781,108.7699966430664,109.94999694824219,25670200,1.0011837302292772,0.001183030173046703,0.11837302292772023
2016-03-03,110.25,110.30000305175781,108.54000091552734,109.58000183105469,21353100,0.9966348783314504,-0.0033707964248785136,-0.3365121668549631
2016-03-04,110.05000305175781,110.05000305175781,107.93000030517578,108.38999938964844,24938900,0.9891403319810038,-0.010919064623432494,-1.0859668018996183
2016-03-07,108.06999969482422,108.06999969482422,104.72000122070312,105.7300033569336,31436400,0.9754590271455534,-0.024847121702097286,-2.4540972854446563
2016-03-08,104.77999877929688,107.37000274658203,104.4000015258789,105.93000030517578,25617000,1.00189158178277,0.001889794994831778,0.18915817827700465
2016-03-09,106.69999694824219,107.51000213623047,105.48999786376953,107.51000213623047,20493300,1.0149155274851585,0.014805384877875466,1.4915527485158453
2016-03-10,107.91000366210938,108.66000366210938,105.7699966430664,107.31999969482422,24854300,0.9982326998639114,-0.0017688636533818949,-0.1767300136088612
2016-03-11,108.4800033569336,109.41999816894531,107.91999816894531,109.41000366210938,20697600,1.0194745059003756,0.019287304246312496,1.9474505900375583
2016-03-14,109.27999877929688,110.33000183105469,108.7699966430664,109.88999938964844,17249400,1.0043871283381127,0.004377532944497869,0.43871283381127224
2016-03-15,109.11000061035156,110.83000183105469,108.83999633789062,110.66999816894531,17618500,1.0070979960290212,0.007072923826889268,0.709799602902117
2016-03-16,110.48999786376953,112.5,110.0999984741211,112.18000030517578,24744800,1.0136441868728086,0.013551943069085255,1.364418687280855
2016-03-17,112.1500015258789,112.69000244140625,110.7300033569336,111.0199966430664,24241200,0.9896594432255866,-0.010394391775784632,-1.0340556774413368
2016-03-18,111.55999755859375,112.41999816894531,110.2699966430664,111.44999694824219,36256900,1.0038731788702737,0.0038656974247552995,0.3873178870273719
2016-03-21,111.66000366210938,112.37000274658203,111.02999877929688,111.8499984741211,18448000,1.0035890671765981,0.0035826418443756433,0.35890671765981264
2016-03-22,111.36000061035156,112.87999725341797,111.16999816894531,112.25,19001100,1.0035762318402843,0.00356985232841474,0.35762318402843274
2016-03-23,112.01000213623047,113.19000244140625,112.0,112.54000091552734,18562000,1.0025835270871033,0.002580195517897572,0.2583527087103299
2016-03-24,112.12999725341797,113.08999633789062,111.68000030517578,113.05000305175781,17839100,1.0045317409994805,0.004521503578478976,0.45317409994805047
2016-03-28,113.31999969482422,114.58999633789062,112.94999694824219,113.69000244140625,21351800,1.005661206301387,0.005645241896513873,0.5661206301387001
2016-03-29,113.83000183105469,116.31999969482422,113.63999938964844,116.13999938964844,29825300,1.0215498011753925,0.02132088707334093,2.1549801175392513
2016-03-30,116.7300033569336,116.98999786376953,114.36000061035156,114.69999694824219,33235200,0.9876011499141217,-0.01247635715970285,-1.2398850085878266
2016-03-31,114.69999694824219,115.01000213623047,113.7699966430664,114.0999984741211,21207500,0.9947689756749354,-0.005244754034034064,-0.5231024325064615
2016-04-01,113.75,116.16999816894531,113.3499984741211,116.05999755859375,24760500,1.0171779063162494,0.017032034231878854,1.717790631624938
2016-04-04,114.06999969482422,114.55000305175781,111.61000061035156,112.55000305175781,48487900,0.9697570689240805,-0.030709683259310876,-3.0242931075919466
2016-04-05,112.11000061035156,113.31999969482422,111.9000015258789,112.22000122070312,22962400,0.9970679536018944,-0.0029363532668321116,-0.29320463981056255
2016-04-06,112.47000122070312,113.80999755859375,112.41999816894531,113.70999908447266,20814600,1.0132774714628558,0.013190098384614287,1.327747146285585
2016-04-07,113.79000091552734,114.88999938964844,113.06999969482422,113.63999938964844,20714500,0.999384401588358,-0.000615787970142857,-0.061559841164204876
2016-04-08,114.25,114.33000183105469,109.9000015258789,110.62999725341797,48497800,0.9735128286483901,-0.02684427639498414,-2.648717135160994
2016-04-11,110.69999694824219,110.91000366210938,108.7699966430664,108.98999786376953,39762300,0.9851758164117845,-0.01493515991910395,-1.4824183588215467
2016-04-12,109.33999633789062,111.16000366210938,108.98999786376953,110.61000061035156,26248100,1.014863774459441,0.014754391131236121,1.4863774459441093
2016-04-13,112.2300033569336,112.6500015258789,106.5199966430664,110.51000213623047,88227400,0.9990959364110903,-0.0009044725008696247,-0.09040635889097093
2016-04-14,110.62000274658203,112.04000091552734,110.26000213623047,110.83999633789062,28473300,1.0029861025724474,0.0029816530238324403,0.2986102572447358
2016-04-15,110.79000091552734,110.97000122070312,109.19999694824219,109.63999938964844,20922800,0.9891736107191482,-0.010885421087460522,-1.0826389280851778
2016-04-18,109.73999786376953,110.80999755859375,109.19999694824219,110.44999694824219,21167200,1.0073877924398293,0.00736063636818996,0.7387792439829344
2016-04-19,111.0999984741211,112.44999694824219,109.16000366210938,112.29000091552734,30210500,1.016659158154141,0.016521916501781902,1.6659158154141096
2016-04-20,112.43000030517578,113.2699966430664,111.55999755859375,112.41999816894531,21027900,1.0011576921574323,0.001157022548617398,0.11576921574323329
2016-04-21,112.55000305175781,114.04000091552734,112.30999755859375,113.44000244140625,20875200,1.0090731568143958,0.00903224301907652,0.90731568143958
2016-04-22,111.20999908447266,111.75,109.01000213623047,110.55999755859375,38458200,0.9746120872634847,-0.025715746368205807,-2.5387912736515306
2016-04-25,109.87000274658203,110.66999816894531,109.06999969482422,110.0999984741211,21017900,0.995839371430622,-0.004169308067568723,-0.4160628569378044
2016-04-26,110.48999786376953,110.5,108.1500015258789,108.76000213623047,22521500,0.987829279232864,-0.012245390463644689,-1.217072076713599
2016-04-27,107.94000244140625,108.94000244140625,106.30999755859375,108.88999938964844,52213100,1.0011952671098254,0.0011945533467952118,0.11952671098254264
2016-04-28,119.58000183105469,120.79000091552734,116.2300033569336,116.7300033569336,87110100,1.0719993021510703,0.06952541166991917,7.199930215107031
2016-04-29,116.81999969482422,117.83999633789062,115.83999633789062,117.58000183105469,37140600,1.0072817480482887,0.007255364124273624,0.7281748048288739
2016-05-02,117.83000183105469,118.7300033569336,116.56999969482422,118.56999969482422,28095200,1.008419780986158,0.008384532349226348,0.8419780986157921
2016-05-03,117.5199966430664,118.16000366210938,117.0199966430664,117.43000030517578,24117500,0.990385431453297,-0.0096610869203978,-0.9614568546702951
2016-05-04,116.61000061035156,118.30000305175781,116.56999969482422,118.05999755859375,23448400,1.0053648748342054,0.005350535157395929,0.5364874834205446
2016-05-05,118.04000091552734,118.9800033569336,117.25,117.80999755859375,22056700,0.9978824326175687,-0.002119812598398215,-0.21175673824312957
2016-05-06,117.16000366210938,119.63999938964844,117.11000061035156,119.48999786376953,26395600,1.0142602524402924,0.014159531448984389,1.4260252440292387
2016-05-09,119.54000091552734,120.27999877929688,118.9000015258789,119.23999786376953,21138100,0.997907774671776,-0.0020944170892749133,-0.2092225328223951
2016-05-10,119.62000274658203,120.5,119.0,120.5,23220000,1.0105669419557521,0.01051150203622377,1.056694195575214
2016-05-11,120.41000366210938,121.08000183105469,119.41999816894531,119.5199966430664,22038400,0.9918671920586424,-0.008166059632996693,-0.8132807941357623
2016-05-12,119.9800033569336,120.83999633789062,118.9000015258789,120.27999877929688,22035500,1.0063587864589734,0.006338654673769905,0.6358786458973364
2016-05-13,120.37999725341797,120.63999938964844,119.68000030517578,119.80999755859375,18124300,0.9960924407592858,-0.003915213696991607,-0.39075592407141757
2016-05-16,119.37999725341797,119.61000061035156,117.3499984741211,118.66999816894531,31247800,0.9904849393800303,-0.009560618027246412,-0.9515060619969651
2016-05-17,118.81999969482422,119.01000213623047,117.19999694824219,117.3499984741211,21328600,0.988876719346157,-0.011185606953015232,-1.1123280653843048
2016-05-18,116.80000305175781,118.2699966430664,116.7300033569336,117.6500015258789,21642300,1.0025564810878458,0.0025532188487882956,0.25564810878457855
2016-05-19,117.05000305175781,117.48999786376953,115.87999725341797,116.80999755859375,20544100,0.9928601448670582,-0.0071654658760746505,-0.7139855132941797
2016-05-20,116.95999908447266,117.98999786376953,116.94999694824219,117.3499984741211,18944800,1.0046228998100653,0.004612247027286449,0.4622899810065251
2016-05-23,117.41999816894531,117.5999984741211,115.94000244140625,115.97000122070312,20441000,0.9882403300267422,-0.011829361799592835,-1.1759669973257836
2016-05-24,116.23999786376953,117.7300033569336,116.12000274658203,117.69999694824219,20183600,1.0149176141185572,0.01480744084332008,1.4917614118557188
2016-05-25,118.12999725341797,118.66999816894531,117.37999725341797,117.88999938964844,20019800,1.0016142943613653,0.0016129927887819679,0.16142943613652871
2016-05-26,118.23999786376953,119.76000213623047,117.91999816894531,119.47000122070312,18481300,1.0134023398018053,0.013313322920047449,1.3402339801805274
2016-05-27,119.55999755859375,119.8499984741211,119.01000213623047,119.37999725341797,13493600,0.9992466396052103,-0.0007536443133361817,-0.07533603947896816
2016-05-31,119.45999908447266,120.0999984741211,118.12000274658203,118.80999755859375,23547600,0.9952253333226819,-0.004786101812082299,-0.47746666773180735
2016-06-01,118.5,119.08000183105469,117.81999969482422,118.77999877929688,15029500,0.9997475062712455,-0.00025252561066276365,-0.025249372875446596
2016-06-02,118.69000244140625,119.44000244140625,118.22000122070312,118.93000030517578,13228300,1.0012628517210007,0.0012620549944605418,0.12628517210007129
2016-06-03,118.9800033569336,118.9800033569336,117.86000061035156,118.47000122070312,14135100,0.9961321863004096,-0.003875313034597256,-0.3867813699590439
2016-06-06,118.62000274658203,119.43000030517578,118.36000061035156,118.79000091552734,12744700,1.0027011031613655,0.002697461737987618,0.27011031613655145
2016-06-07,119.23999786376953,119.30000305175781,117.66999816894531,117.76000213623047,17103000,0.9913292468106863,-0.008708562887446132,-0.8670753189313651
2016-06-08,117.76000213623047,118.5999984741211,117.2699966430664,118.38999938964844,14505600,1.0053498407098291,0.005335581147003138,0.5349840709829135
2016-06-09,118.12999725341797,118.68000030517578,117.70999908447266,118.55999755859375,13859200,1.0014359166299664,0.0014348866875054603,0.14359166299664494
2016-06-10,117.54000091552734,118.11000061035156,116.26000213623047,116.62000274658203,18510800,0.9836370204794164,-0.016498331610056555,-1.6362979520583631
2016-06-13,115.0,115.4800033569336,113.30999755859375,113.94999694824219,31718200,0.977105078584659,-0.023161080435420766,-2.2894921415340996
2016-06-14,114.06999969482422,114.94999694824219,113.58000183105469,114.94000244140625,17618500,1.0086880695013423,0.008650545410155716,0.8688069501342266
2016-06-15,115.30000305175781,115.44000244140625,114.06999969482422,114.5999984741211,19819400,0.9970419004692602,-0.0029624833544824427,-0.2958099530739777
2016-06-16,113.87000274658203,114.5,112.94000244140625,114.38999938964844,19236300,0.9981675472315117,-0.0018341337639397573,-0.1832452768488313
2016-06-17,114.41999816894531,114.43000030517578,112.55999755859375,113.0199966430664,24644300,0.9880234045467964,-0.012048892702297783,-1.197659545320362
2016-06-20,113.7699966430664,114.72000122070312,112.75,113.37000274658203,20785400,1.0030968511229124,0.0030920657566394305,0.30968511229123585
2016-06-21,114.12000274658203,115.20999908447266,113.97000122070312,114.37999725341797,19166300,1.0089088337511432,0.008869384218171373,0.8908833751143153
2016-06-22,114.6500015258789,114.73999786376953,113.61000061035156,113.91000366210938,14846300,0.9958909459468924,-0.004117519413420099,-0.4109054053107575
2016-06-23,114.37000274658203,115.08999633789062,113.54000091552734,115.08000183105469,16176900,1.010271250384785,0.010218859533525554,1.0271250384785047
2016-06-24,111.01000213623047,113.68000030517578,111.0,112.08000183105469,40643100,0.9739311787255251,-0.02641463622870843,-2.606882127447485
2016-06-27,111.56999969482422,111.56999969482422,108.2300033569336,108.97000122070312,36130400,0.9722519578912975,-0.02814029217479557,-2.774804210870252
2016-06-28,110.62999725341797,112.75,110.55000305175781,112.69999694824219,26813800,1.03422956488717,0.033656767776144667,3.4229564887169994
2016-06-29,113.37000274658203,114.25,113.04000091552734,114.16000366210938,20968300,1.012954807039948,0.0128716112801903,1.295480703994789
2016-06-30,114.66999816894531,115.18000030517578,113.66999816894531,114.27999877929688,23192700,1.0010511134665225,0.0010505614335617707,0.10511134665225352
2016-07-01,114.19999694824219,115.12999725341797,113.80999755859375,114.19000244140625,14980000,0.9992124926596785,-0.0007878175871188244,-0.07875073403215138
2016-07-05,113.94000244140625,114.19999694824219,112.97000122070312,114.19999694824219,14207000,1.0000875252353294,8.752140521947597e-05,0.008752523532939982
2016-07-06,113.36000061035156,116.79000091552734,112.97000122070312,116.69999694824219,24337600,1.0218914191489257,0.021655242643070997,2.1891419148925673
2016-07-07,116.62999725341797,116.97000122070312,115.36000061035156,115.8499984741211,16630200,0.9927163796371128,-0.007310275434832444,-0.7283620362887211
2016-07-08,116.43000030517578,117.5,115.8499984741211,117.23999786376953,18142600,1.0119982685192606,0.01192685991446285,1.1998268519260558
2016-07-11,117.70999908447266,118.69999694824219,117.5,117.87000274658203,17711600,1.0053736343764228,0.005359247918580222,0.5373634376422798
2016-07-12,118.62999725341797,118.72000122070312,117.56999969482422,117.93000030517578,15217700,1.0005090146533953,0.0005088851493810014,0.050901465339525664
2016-07-13,118.38999938964844,118.4000015258789,116.68000030517578,116.77999877929688,16207700,0.9902484395581873,-0.009799418287273022,-0.975156044181269
2016-07-14,117.5,117.63999938964844,116.69999694824219,117.29000091552734,14579700,1.0043672045004413,0.004357695936710098,0.43672045004412574
2016-07-15,117.73999786376953,118.27999877929688,116.58000183105469,116.86000061035156,16646000,0.9963338707322079,-0.003672865989865607,-0.3666129267792084
2016-07-18,117.31999969482422,119.61000061035156,116.88999938964844,119.37000274658203,20868400,1.0214787106205794,0.021251293766706817,2.1478710620579378
2016-07-19,118.98999786376953,120.8499984741211,118.66000366210938,120.61000061035156,21541300,1.0103878515141027,0.010334268539762685,1.0387851514102708
2016-07-20,121.25,122.19999694824219,120.55999755859375,121.91999816894531,20046500,1.0108614339769875,0.01080287226415271,1.0861433976987467
2016-07-21,121.91999816894531,122.0999984741211,120.25,120.61000061035156,17801700,0.9892552692071199,-0.010802872264152689,-1.0744730792880075
2016-07-22,119.9000015258789,121.01000213623047,119.30999755859375,121.0,18422400,1.0032335576459235,0.0032283409410509287,0.32335576459234794
2016-07-25,121.38999938964844,121.8499984741211,117.77999877929688,121.62999725341797,18487400,1.005206588871223,0.005193081452151545,0.5206588871222939
2016-07-26,122.0,122.06999969482422,120.75,121.22000122070312,17612000,0.9966291536465252,-0.0033765404556073955,-0.33708463534748434
2016-07-27,122.41999816894531,125.0,121.51000213623047,123.33999633789062,52654200,1.0174888227671905,0.017337653278887373,1.7488822767190548
2016-07-28,127.5199966430664,128.3300018310547,123.62999725341797,125.0,78955800,1.0134587620512148,0.013368997430128563,1.3458762051214768
2016-07-29,124.6500015258789,125.83999633789062,123.70999908447266,123.94000244140625,35058800,0.99152001953125,-0.008516140070048361,-0.8479980468749981
2016-08-01,123.8499984741211,124.58000183105469,122.86000061035156,124.30999755859375,25006900,1.002985276019842,0.00298082893171022,0.2985276019842109
2016-08-02,124.05999755859375,124.80000305175781,122.06999969482422,123.08999633789062,23968400,0.9901858157456075,-0.00986266079323653,-0.9814184254392511
2016-08-03,123.08999633789062,123.91999816894531,122.30999755859375,122.51000213623047,18525300,0.9952880476162496,-0.00472308862745472,-0.47119523837504396
2016-08-04,122.94000244140625,124.79000091552734,122.51000213623047,124.36000061035156,21066000,1.0151007953788451,0.014987913355222548,1.5100795378845122
2016-08-05,124.9800033569336,125.83999633789062,124.62000274658203,125.1500015258789,20184000,1.0063525322583633,0.006332439971689258,0.6352532258363297
2016-08-08,125.25,125.44999694824219,124.55000305175781,125.26000213623047,15233900,1.0008789501319248,0.0008785640814538242,0.08789501319248494
2016-08-09,125.33999633789062,126.08999633789062,124.52999877929688,125.05999755859375,19621000,0.9984032845742794,-0.0015979915343651023,-0.15967154257205962
2016-08-10,125.06999969482422,125.4800033569336,124.54000091552734,124.87999725341797,10670100,0.9985606884000502,-0.0014403484038660389,-0.14393115999498107
2016-08-11,125.19999694824219,125.37999725341797,124.75,124.9000015258789,11729500,1.0001601879636524,0.00016017513493049517,0.016018796365235843
2016-08-12,124.69999694824219,125.0,124.18000030517578,124.87999725341797,12159000,0.9998398376924216,-0.000160175134930468,-0.016016230757842642
2016-08-15,124.91000366210938,124.91999816894531,123.69999694824219,123.9000015258789,19295100,0.9921525004076485,-0.007878453262902563,-0.7847499592351537
2016-08-16,123.5,123.91999816894531,122.77999877929688,123.30000305175781,14222400,0.995157397362939,-0.004854366029533533,-0.4842602637061044
2016-08-17,123.66000366210938,124.37999725341797,122.8499984741211,124.37000274658203,13794200,1.0086780183969262,0.008640580828638781,0.8678018396926168
2016-08-18,124.01000213623047,124.26000213623047,123.63999938964844,123.91000366210938,12400800,0.9963013662915972,-0.003705490566616734,-0.3698633708402843
2016-08-19,123.5999984741211,124.16000366210938,123.27999877929688,123.55999755859375,11688300,0.9971753200454254,-0.002828676891483568,-0.28246799545745827
2016-08-22,123.33000183105469,124.83000183105469,123.11000061035156,124.1500015258789,14386400,1.0047750402957507,0.004763675953274271,0.477504029575071
2016-08-23,124.51000213623047,125.08999633789062,124.25,124.37000274658203,13309500,1.0017720597502955,0.0017704915048259624,0.1772059750295485
2016-08-24,124.47000122070312,124.69000244140625,123.08999633789062,123.4800033569336,12243700,0.9928439384900399,-0.007181788929599554,-0.7156061509960066
2016-08-25,123.12000274658203,124.37000274658203,123.0999984741211,123.88999938964844,10730800,1.0033203435501188,0.003314843381077776,0.3320343550118787
2016-08-26,124.05000305175781,125.19000244140625,123.91000366210938,124.95999908447266,17504800,1.0086366914205798,0.00859960856372537,0.8636691420579767
2016-08-29,124.3499984741211,126.7300033569336,124.3499984741211,126.54000091552734,15925900,1.0126440608405143,0.012564792189008129,1.2644060840514282
2016-08-30,126.5999984741211,126.5999984741211,125.1500015258789,125.83999633789062,17804300,0.9944681162275002,-0.00554724130511292,-0.5531883772499802
2016-08-31,125.5999984741211,126.22000122070312,125.0999984741211,126.12000274658203,14200600,1.0022250986716463,0.002222626805681729,0.22250986716463306
2016-09-01,126.37999725341797,126.62999725341797,125.5999984741211,126.16999816894531,13536100,1.0003964115229504,0.0003963329726608232,0.03964115229504461
2016-09-02,126.8499984741211,126.86000061035156,126.0,126.51000213623047,12118800,1.0026948083713996,0.0026911838853902687,0.2694808371399571
2016-09-06,126.66999816894531,129.94000244140625,126.47000122070312,129.72999572753906,26278400,1.0254524823091948,0.025133961336995587,2.5452482309194835
2016-09-07,130.0399932861328,131.97999572753906,129.9499969482422,131.0500030517578,27990800,1.0101750355946288,0.010123618406952084,1.0175035594628845
2016-09-08,130.9199981689453,131.0800018310547,129.80999755859375,130.27000427246094,15676600,0.9940480827078744,-0.005969700549948562,-0.595191729212563
2016-09-09,129.7100067138672,129.9499969482422,127.0999984741211,127.0999984741211,27100700,0.9756658809060162,-0.024635086316372675,-2.4334119093983753
2016-09-12,125.95999908447266,128.75999450683594,125.75,128.69000244140625,21252800,1.0125098661398402,0.01243226428672604,1.2509866139840176
2016-09-13,128.02999877929688,128.35000610351562,126.66000366210938,127.20999908447266,18016200,0.9884994690430016,-0.0115671735056496,-1.1500530956998434
2016-09-14,126.88999938964844,128.8000030517578,126.88999938964844,127.7699966430664,15691100,1.0044021504804972,0.004392489358834751,0.4402150480497191
2016-09-15,127.9800033569336,129.10000610351562,127.66999816894531,128.35000610351562,15077200,1.0045394809085697,0.004529208540856454,0.4539480908569704
2016-09-16,128.1999969482422,129.17999267578125,128.1999969482422,129.07000732421875,24119200,1.005609670326953,0.005593994722357359,0.5609670326953031
2016-09-19,129.91000366210938,129.94000244140625,128.25999450683594,128.64999389648438,14958800,0.9967458479592449,-0.003259458308235155,-0.3254152040755076
2016-09-20,128.64999389648438,129.1699981689453,128.02999877929688,128.63999938964844,11083800,0.9999223124188876,-7.769059894880289e-05,-0.007768758111237339
2016-09-21,129.1300048828125,130.00999450683594,128.38999938964844,129.94000244140625,14068300,1.0101057451642248,0.010055023555096703,1.01057451642248
2016-09-22,130.5,130.72999572753906,129.55999755859375,130.0800018310547,15538300,1.0010774156304296,0.001076835634769487,0.10774156304296234
2016-09-23,127.55999755859375,128.60000610351562,127.30000305175781,127.95999908447266,28326300,0.983702316138222,-0.016431951949350054,-1.629768386177799
2016-09-26,127.37000274658203,128.16000366210938,126.80000305175781,127.30999755859375,15064900,0.9949202756288721,-0.0050926700298317175,-0.5079724371127914
2016-09-27,127.61000061035156,129.00999450683594,127.43000030517578,128.69000244140625,15637100,1.0108397212259577,0.010781392580100736,1.0839721225957666
2016-09-28,129.2100067138672,129.47000122070312,128.39999389648438,129.22999572753906,12047600,1.004196077984991,0.0041872989994002005,0.4196077984990998
2016-09-29,129.17999267578125,129.2899932861328,127.55000305175781,128.08999633789062,14532200,0.9911785233510961,-0.008860616223275747,-0.882147664890387
2016-09-30,128.02999877929688,128.58999633789062,127.44999694824219,128.27000427246094,18402900,1.0014053239106626,0.0014043373671829408,0.14053239106626148
2016-10-03,128.3800048828125,129.08999633789062,127.80000305175781,128.77000427246094,13156900,1.0038980274681986,0.003890449844600414,0.38980274681985616
2016-10-04,129.1699981689453,129.27999877929688,127.55000305175781,128.19000244140625,14307500,0.9954958312354524,-0.004514343095441293,-0.45041687645476225
2016-10-05,128.25,128.8000030517578,127.83000183105469,128.47000122070312,12386800,1.0021842481782062,0.0021818661761127084,0.21842481782061718
2016-10-06,128.42999267578125,129.05999755859375,128.0800018310547,128.74000549316406,11682700,1.0021016912111418,0.002099485747763022,0.21016912111417874
2016-10-07,129.0399932861328,129.25,128.3300018310547,128.99000549316406,12804400,1.0019418983170174,0.0019400152698772202,0.19418983170174098
2016-10-10,129.67999267578125,130.6999969482422,129.1999969482422,130.24000549316406,15138700,1.0096906732829487,0.009644019868459638,0.9690673282948703
2016-10-11,130.22999572753906,130.63999938964844,128.22999572753906,128.8800048828125,17537900,0.9895577353118052,-0.010497167676250571,-1.0442264688194758
2016-10-12,129.00999450683594,129.66000366210938,128.4600067138672,129.0500030517578,11073000,1.0013190422292417,0.0013181730572728672,0.13190422292417292
2016-10-13,128.2100067138672,128.25,126.75,127.81999969482422,17139300,0.9904687847512853,-0.009576927977901608,-0.9531215248714697
2016-10-14,128.49000549316406,128.9499969482422,127.58000183105469,127.87999725341797,13345300,1.0004693910087388,0.00046928087924041396,0.046939100873877315
2016-10-17,128.1999969482422,128.47000122070312,127.31999969482422,127.54000091552734,11351700,0.9973412860088129,-0.002662254648352831,-0.26587139911871116
2016-10-18,128.67999267578125,129.38999938964844,128.00999450683594,128.57000732421875,13504000,1.0080759479480763,0.008043511997454513,0.8075947948076312
2016-10-19,128.74000549316406,130.47000122070312,128.60000610351562,130.11000061035156,16752300,1.011977857963789,0.011906691143492527,1.197785796378903
2016-10-20,130.07000732421875,130.66000366210938,129.5,130.0,13167500,0.9991545568377869,-0.0008458007508448481,-0.08454431622131331
2016-10-21,129.77999877929688,132.1300048828125,129.6999969482422,132.07000732421875,19088800,1.0159231332632213,0.01579769005722574,1.5923133263221256
2016-10-24,132.72000122070312,133.41000366210938,132.14999389648438,133.27999877929688,17470200,1.0091617429240214,0.009120028746787362,0.9161742924021388
2016-10-25,133.5,133.5,132.22000122070312,132.2899932861328,13336800,0.9925719875282754,-0.007455737536439576,-0.7428012471724643
2016-10-26,131.63999938964844,132.25999450683594,130.94000244140625,131.0399932861328,13084700,0.9905510615810801,-0.009493862853648144,-0.9448938418919917
2016-10-27,131.74000549316406,131.8000030517578,129.27000427246094,129.69000244140625,16741400,0.9896978715362204,-0.010355562696919533,-1.0302128463779647
2016-10-28,130.5,132.97000122070312,129.92999267578125,131.2899932861328,24545500,1.0123370407479901,0.0122615596357405,1.2337040747990136
2016-10-31,132.00999450683594,132.1199951171875,130.8800048828125,130.99000549316406,15669000,0.9977150749614637,-0.0022875394630206907,-0.22849250385362785
2016-11-01,131.41000366210938,131.94000244140625,128.64999389648438,129.5,22077800,0.9886250444256847,-0.011440145205715525,-1.1374955574315337
2016-11-02,130.22999572753906,130.22999572753906,126.27999877929688,127.16999816894531,39640900,0.9820077078683036,-0.018156121505416945,-1.7992292131696397
2016-11-03,122.0,123.27999877929688,119.5,120.0,63766300,0.9436187916003587,-0.05803301685212947,-5.638120839964134
2016-11-04,119.58999633789062,121.93000030517578,119.25,120.75,30545500,1.00625,0.006230549750636163,0.6250000000000089
2016-11-07,122.83000183105469,123.20999908447266,121.3499984741211,122.1500015258789,23008900,1.011594215535229,0.011527517662912715,1.1594215535229102
2016-11-08,122.02999877929688,124.61000061035156,121.54000091552734,124.22000122070312,19460800,1.0169463746947696,0.01680438676250728,1.6946374694769561
2016-11-09,121.5,123.80999755859375,120.51000213623047,123.18000030517578,31916000,0.9916277499170237,-0.008407494221726469,-0.8372250082976262
2016-11-10,123.93000030517578,124.18000030517578,115.2699966430664,120.80000305175781,67846700,0.9806787039493297,-0.01951039197276545,-1.9321296050670345
2016-11-11,119.52999877929688,120.69999694824219,118.1500015258789,119.0199966430664,32840100,0.9852648479824231,-0.014844792751690143,-1.4735152017576914
2016-11-14,119.12999725341797,119.12999725341797,113.55000305175781,115.08000183105469,51377000,0.9668963626017608,-0.03366396341742679,-3.3103637398239183
2016-11-15,116.7300033569336,118.48999786376953,115.83000183105469,117.19999694824219,34681400,1.01842192460424,0.01825429650952963,1.842192460424008
2016-11-16,114.4800033569336,117.87999725341797,114.20999908447266,116.33999633789062,32397900,0.9926621106421073,-0.007364944099054121,-0.7337889357892702
2016-11-17,116.80999755859375,117.79000091552734,116.01000213623047,117.79000091552734,18597800,1.0124635088815495,0.012386478738263382,1.2463508881549457
2016-11-18,118.38999938964844,119.12999725341797,116.83999633789062,117.0199966430664,22879300,0.9934629063037945,-0.00655855406997858,-0.6537093696205476
2016-11-21,118.19999694824219,121.94999694824219,117.80000305175781,121.7699966430664,35415400,1.0405913530700948,0.039789160277841275,4.059135307009476
2016-11-22,122.4000015258789,122.9800033569336,120.9000015258789,121.47000122070312,26089200,0.9975363765243205,-0.002466663189494337,-0.24636234756795217
2016-11-23,121.2300033569336,121.30999755859375,119.94000244140625,120.83999633789062,15672100,0.9948134940604156,-0.005200002548569273,-0.5186505939584363
2016-11-25,121.01000213623047,121.13999938964844,120.06999969482422,120.37999725341797,8658600,0.9961933209333571,-0.0038139429093393454,-0.3806679066642893
2016-11-28,120.12000274658203,121.69000244140625,119.81999969482422,120.41000366210938,18101300,1.0002492640752287,0.0002492330141006475,0.024926407522873895
2016-11-29,120.56999969482422,122.0999984741211,120.4000015258789,120.87000274658203,18891000,1.0038202729879777,0.003812994277012018,0.3820272987977713
2016-11-30,120.31999969482422,121.79000091552734,117.94999694824219,118.41999816894531,30188900,0.9797302513281692,-0.020477998953551107,-2.0269748671830845
2016-12-01,118.37999725341797,118.44999694824219,114.0,115.0999984741211,43277000,0.9719641973808537,-0.02843630917040043,-2.803580261914629
2016-12-02,115.11000061035156,116.4800033569336,114.30000305175781,115.4000015258789,25070400,1.0026064557405294,0.002603064825667393,0.2606455740529423
2016-12-05,115.94999694824219,117.56999969482422,115.06999969482422,117.43000030517578,20201500,1.0175909770576705,0.017438046679258783,1.7590977057670543
2016-12-06,117.69000244140625,117.80000305175781,116.33000183105469,117.30999755859375,19131200,0.9989780912350322,-0.0010224312697281906,-0.10219087649677716
2016-12-07,117.0,117.94999694824219,116.56999969482422,117.94999694824219,21913700,1.0054556252916873,0.005440797274315654,0.5455625291687305
2016-12-08,117.9800033569336,119.5,117.63999938964844,118.91000366210938,22442800,1.0081390990988195,0.008106155266441447,0.8139099098819491
2016-12-09,119.22000122070312,119.94000244140625,118.94999694824219,119.68000030517578,17464700,1.0064754572311208,0.006454581529290963,0.6475457231120751
2016-12-12,119.22000122070312,119.23999786376953,117.6500015258789,117.7699966430664,17805500,0.9840407448425886,-0.01608797542679041,-1.5959255157411367
2016-12-13,117.86000061035156,121.5199966430664,117.61000061035156,120.30999755859375,29768000,1.0215674703908288,0.02133818340349552,2.1567470390828847
2016-12-14,120.0,121.69000244140625,118.8499984741211,120.20999908447266,25913100,0.9991688265634584,-0.0008315190527069934,-0.0831173436541599
2016-12-15,120.08000183105469,122.5,119.62999725341797,120.56999969482422,20139600,1.002994764271636,0.0029902888980142734,0.2994764271635919
2016-12-16,120.9000015258789,121.5,119.2699966430664,119.87000274658203,25324300,0.9941942693040229,-0.005822649466096521,-0.5805730695977118
2016-12-19,119.8499984741211,120.36000061035156,118.51000213623047,119.23999786376953,15918100,0.9947442657180513,-0.0052695942375283146,-0.5255734281948699
2016-12-20,119.5,119.7699966430664,118.80000305175781,119.08999633789062,13684400,0.9987420200556336,-0.0012587718653534136,-0.1257979944366383
2016-12-21,118.91999816894531,119.19999694824219,118.4800033569336,119.04000091552734,10767600,0.9995801878923446,-0.0004199002534289096,-0.0419812107655404
2016-12-22,118.86000061035156,118.98999786376953,116.93000030517578,117.4000015258789,16258600,0.986223123512808,-0.013872658384442654,-1.3776876487191947
2016-12-23,117.0,117.55999755859375,116.30000305175781,117.2699966430664,10890000,0.9988926330398399,-0.0011079805439691275,-0.11073669601601166
2016-12-27,116.95999908447266,118.68000030517578,116.86000061035156,118.01000213623047,12051500,1.0063102712914405,0.006290444892479259,0.6310271291440461
2016-12-28,118.19000244140625,118.25,116.6500015258789,116.91999816894531,12087400,0.9907634611680893,-0.009279460157474316,-0.9236538831910668
2016-12-29,117.0,117.52999877929688,116.05999755859375,116.3499984741211,9934900,0.9951248742409268,-0.00488704794855487,-0.4875125759073229
2016-12-30,116.5999984741211,116.83000183105469,114.7699966430664,115.05000305175781,18684100,0.9888268548396034,-0.011236033626875724,-1.117314516039658
2017-01-03,116.02999877929688,117.83999633789062,115.51000213623047,116.86000061035156,20663900,1.015732268670862,0.015609799342354527,1.5732268670862082
2017-01-04,117.55000305175781,119.66000366210938,117.29000091552734,118.69000244140625,19630900,1.0156597794069546,0.015538430288796578,1.5659779406954621
2017-01-05,118.86000061035156,120.94999694824219,118.31999969482422,120.66999816894531,19492200,1.0166820767277052,0.016544459273424822,1.6682076727705164
2017-01-06,120.9800033569336,123.87999725341797,120.02999877929688,123.41000366210938,28545300,1.0227066009342927,0.022452643227982155,2.2706600934292664
2017-01-09,123.55000305175781,125.43000030517578,123.04000091552734,124.9000015258789,22880400,1.0120735582169584,0.012001254208912376,1.2073558216958435
2017-01-10,124.81999969482422,125.5,124.27999877929688,124.3499984741211,17324600,0.9955964528019333,-0.004413271369762596,-0.4403547198066682
2017-01-11,124.3499984741211,126.12000274658203,124.05999755859375,126.08999633789062,18356500,1.0139927453568216,0.013895750662945933,1.39927453568216
2017-01-12,125.61000061035156,126.7300033569336,124.80000305175781,126.62000274658203,18653900,1.004203397764174,0.004194588165994216,0.42033977641739995
2017-01-13,127.48999786376953,129.27000427246094,127.37000274658203,128.33999633789062,24884300,1.0135839010740744,0.01349246698041976,1.3583901074074367
2017-01-17,128.0399932861328,128.33999633789062,127.4000015258789,127.87000274658203,15294500,0.996337902409852,-0.0036688194853700716,-0.3662097590148017
2017-01-18,128.41000366210938,128.42999267578125,126.83999633789062,127.91999816894531,13145900,1.000390986324309,0.000390909909073667,0.039098632430900615
2017-01-19,128.22999572753906,128.35000610351562,127.44999694824219,127.55000305175781,12195500,0.9971076053589459,-0.0028965856978449057,-0.28923946410540635
2017-01-20,128.10000610351562,128.47999572753906,126.77999877929688,127.04000091552734,19097200,0.99600155136003,-0.004006463808360304,-0.3998448639970009
2017-01-23,127.30999755859375,129.25,126.94999694824219,128.92999267578125,16593600,1.0148771390635507,0.014767559909596713,1.4877139063550704
2017-01-24,129.3800048828125,129.89999389648438,128.3800048828125,129.3699951171875,15162700,1.0034127236981447,0.003406913571776196,0.3412723698144715
2017-01-25,130.0,131.74000549316406,129.77000427246094,131.47999572753906,18731300,1.016309814408204,0.016178238114073457,1.6309814408203893
2017-01-26,131.6300048828125,133.13999938964844,131.44000244140625,132.77999877929688,20020100,1.0098874588834925,0.009838897796708447,0.9887458883492517
2017-01-27,132.67999267578125,132.9499969482422,131.0800018310547,132.17999267578125,19539500,0.9954812011671055,-0.004529039466227156,-0.45187988328945217
2017-01-30,131.5800018310547,131.5800018310547,129.60000610351562,130.97999572753906,18956100,0.9909214933065883,-0.0091199674606386,-0.9078506693411703
2017-01-31,130.1699981689453,130.66000366210938,129.52000427246094,130.32000732421875,19790500,0.9949611511310994,-0.0050515866751319185,-0.5038848868900603
2017-02-01,132.25,133.49000549316406,130.67999267578125,133.22999572753906,50139800,1.022329559850934,0.022083905408220663,2.23295598509341
2017-02-02,133.22000122070312,135.49000549316406,130.39999389648438,130.83999633789062,54366400,0.9820611013563636,-0.018101751222846015,-1.7938898643636403
2017-02-03,131.24000549316406,132.85000610351562,130.75999450683594,130.97999572753906,24804900,1.001070004536586,0.0010694324897571792,0.10700045365859001
2017-02-06,130.97999572753906,132.05999755859375,130.3000030517578,132.05999755859375,17058500,1.0082455479178765,0.008211739108605048,0.8245547917876461
2017-02-07,132.24000549316406,133.0,131.66000366210938,131.83999633789062,14596400,0.9983340812905475,-0.0016673078950870644,-0.16659187094525407
2017-02-08,132.60000610351562,134.44000244140625,132.44000244140625,134.1999969482422,22390600,1.0179004905636007,0.017742163412970587,1.7900490563600657
2017-02-09,134.49000549316406,134.5,133.30999755859375,134.13999938964844,16470600,0.9995529242924135,-0.00044717567572732724,-0.04470757075865084
2017-02-10,134.10000610351562,134.94000244140625,133.67999267578125,134.19000244140625,15061900,1.000372767645634,0.00037269818503641054,0.03727676456339868
2017-02-13,134.6999969482422,134.6999969482422,133.6999969482422,134.0500030517578,13526200,0.9989567077494498,-0.001043836858733532,-0.10432922505502207
2017-02-14,134.10000610351562,134.22999572753906,132.5500030517578,133.85000610351562,14364900,0.9985080421955308,-0.0014930718817564425,-0.14919578044692017
2017-02-15,133.4499969482422,133.6999969482422,132.66000366210938,133.44000244140625,13226500,0.996936842410061,-0.003067858659682293,-0.3063157589939025
2017-02-16,133.07000732421875,133.8699951171875,133.02000427246094,133.83999633789062,12831100,1.002997556123847,0.0029930724103762966,0.29975561238468895
2017-02-17,133.5,134.08999633789062,133.1699981689453,133.52999877929688,12276500,0.9976838197319496,-0.002318866762639588,-0.23161802680503607
2017-02-21,133.5,133.91000366210938,132.89999389648438,133.72000122070312,14759100,1.0014229195172861,0.001421908126614461,0.14229195172861253
2017-02-22,133.60000610351562,136.7899932861328,133.4600067138672,136.1199951171875,27360100,1.017947905134425,0.01778874308062463,1.7947905134424902
2017-02-23,135.88999938964844,136.1199951171875,134.3300018310547,135.36000061035156,18422500,0.9944167313098884,-0.005598913394310909,-0.5583268690111609
2017-02-24,134.16000366210938,135.6199951171875,134.16000366210938,135.44000244140625,12625700,1.0005910300730936,0.0005908554836082991,0.05910300730935791
2017-02-27,135.25999450683594,137.17999267578125,135.02000427246094,136.41000366210938,14306700,1.0071618517662295,0.007136327500749558,0.7161851766229521
2017-02-28,136.7899932861328,136.80999755859375,134.75,135.5399932861328,16112100,0.9936220925693133,-0.0063983331776165326,-0.6377907430686669
2017-03-01,136.47000122070312,137.47999572753906,136.3000030517578,137.4199981689453,16257000,1.013870480861274,0.013775166104663065,1.387048086127396
2017-03-02,137.08999633789062,137.82000732421875,136.30999755859375,136.75999450683594,12294800,0.9951971789338989,-0.004814391673768969,-0.4802821066101082
2017-03-03,136.6300048828125,137.3300018310547,136.0800018310547,137.1699981689453,11160600,1.0029979795157777,0.0029934945368699263,0.2997979515777738
2017-03-06,136.8800048828125,137.8300018310547,136.50999450683594,137.4199981689453,12748200,1.0018225559767966,0.001820897136898869,0.18225559767965915
2017-03-07,137.02999877929688,138.3699951171875,136.99000549316406,137.3000030517578,13527100,0.9991268001834785,-0.0008735812775585439,-0.08731998165214527
2017-03-08,137.14999389648438,137.99000549316406,137.0500030517578,137.72000122070312,10184500,1.003058981497524,0.003054312333124504,0.3058981497523927
2017-03-09,137.72000122070312,138.57000732421875,137.39999389648438,138.24000549316406,15535300,1.0037758079280554,0.0037686974581925023,0.377580792805543
2017-03-10,138.91000366210938,139.49000549316406,138.22000122070312,138.7899932861328,16314100,1.003978499501694,0.003970606201286361,0.3978499501694044
2017-03-13,138.7100067138672,139.67999267578125,138.6699981689453,139.60000610351562,10955500,1.0058362479758383,0.0058192830562686535,0.583624797583826
2017-03-14,139.4600067138672,139.4600067138672,138.52000427246094,139.32000732421875,12944000,0.997994278172959,-0.002007735980736676,-0.20057218270409516
2017-03-15,139.2899932861328,140.10000610351562,138.49000549316406,139.72000122070312,19344800,1.0028710441821433,0.002866930606419649,0.2871044182143345
2017-03-16,140.1999969482422,140.25,139.72999572753906,139.99000549316406,13612900,1.0019324668630258,0.0019306020510092867,0.1932466863025839
2017-03-17,140.33999633789062,140.33999633789062,139.6999969482422,139.83999633789062,20592800,0.9989284295350588,-0.0010721450070501277,-0.10715704649412183
2017-03-20,139.7100067138672,140.19000244140625,139.25,139.94000244140625,12099500,1.0007151466399784,0.000714891044471653,0.07151466399784034
2017-03-21,141.14999389648438,142.30999755859375,138.39999389648438,138.50999450683594,29894800,0.9897812783362708,-0.010271291235807944,-1.021872166372917
2017-03-22,137.92999267578125,139.7899932861328,137.60000610351562,139.58999633789062,17055400,1.007797284484055,0.0077670427618765905,0.7797284484055034
2017-03-23,139.47999572753906,140.38999938964844,139.08999633789062,139.52999877929688,13022800,0.999570187261496,-0.00042990513447530303,-0.04298127385039541
2017-03-24,140.0800018310547,141.02000427246094,139.75999450683594,140.33999633789062,16664700,1.005805185735542,0.005788400574154011,0.5805185735541896
2017-03-27,139.0500030517578,140.64999389648438,138.77000427246094,140.32000732421875,12800500,0.9998575672353321,-0.0001424429091773653,-0.01424327646678547
2017-03-28,140.36000061035156,141.9499969482422,140.00999450683594,141.75999450683594,14679400,1.0102621658170956,0.0102098672866103,1.0262165817095603
2017-03-29,141.99000549316406,142.86000061035156,141.42999267578125,142.64999389648438,16527600,1.0062782126420406,0.006258586765834444,0.6278212642040648
2017-03-30,142.39999389648438,142.9499969482422,141.85000610351562,142.41000366210938,12404000,0.9983176288493278,-0.0016837879262677016,-0.16823711506721573
2017-03-31,142.30999755859375,142.6300048828125,141.88999938964844,142.0500030517578,11478300,0.9974720834134256,-0.002531117162706166,-0.25279165865743636
2017-04-03,141.92999267578125,142.47000122070312,140.82000732421875,142.27999877929688,13564000,1.001619118075311,0.0016178087167868366,0.1619118075310899
2017-04-04,141.86000061035156,142.08999633789062,141.27000427246094,141.72999572753906,12948600,0.99613436142482,-0.0038731294669286033,-0.3865638575179964
2017-04-05,142.25999450683594,143.44000244140625,141.2899932861328,141.85000610351562,17158100,1.000846753542611,0.0008463952490734212,0.08467535426111006
2017-04-06,142.11000061035156,142.22000122070312,140.91000366210938,141.1699981689453,15103400,0.9952061480062675,-0.004805379357272864,-0.4793851993732501
2017-04-07,141.1999969482422,141.5500030517578,140.24000549316406,140.77999877929688,11818300,0.9972373776673021,-0.0027664454165557168,-0.27626223326978616
2017-04-10,141.0,141.42999267578125,140.6300048828125,141.0399932861328,9039400,1.0018468142427217,0.0018451109780513561,0.1846814242721706
2017-04-11,140.8000030517578,141.02999877929688,138.80999755859375,139.9199981689453,16638100,0.9920590245993891,-0.007972672863132108,-0.7940975400610895
2017-04-12,139.72000122070312,140.39999389648438,139.44000244140625,139.5800018310547,11612500,0.997570066163951,-0.002432890916584044,-0.24299338360489475
2017-04-13,139.6199951171875,140.5800018310547,139.3300018310547,139.38999938964844,10965600,0.9986387559900147,-0.0013621713442603185,-0.1361244009985274
2017-04-17,139.75999450683594,141.5500030517578,139.75,141.4199981689453,11519700,1.0145634463604685,0.014458417865396424,1.4563446360468468
2017-04-18,141.27000427246094,141.91000366210938,140.61000061035156,140.9600067138672,14807500,0.9967473379929718,-0.0032579634109991397,-0.32526620070282286
2017-04-19,141.35000610351562,143.0399932861328,141.27000427246094,142.27000427246094,15563900,1.0092933988095851,0.0092504808762683,0.9293398809585129
2017-04-20,142.9499969482422,144.25,142.69000244140625,143.8000030517578,15968200,1.0107541908578759,0.01069677581545619,1.0754190857875878
2017-04-21,143.89999389648438,144.1699981689453,142.27000427246094,143.67999267578125,12382000,0.9991654355116156,-0.0008349129312058322,-0.08345644883843706
2017-04-24,144.9600067138672,145.6699981689453,144.33999633789062,145.47000122070312,14407200,1.0124583006414893,0.012381334598834753,1.245830064148934
2017-04-25,145.7899932861328,147.14999389648438,145.7899932861328,146.49000549316406,17767500,1.0070117843122406,0.006987316063425028,0.7011784312240588
2017-04-26,147.08999633789062,147.58999633789062,146.08999633789062,146.55999755859375,12395000,1.000477794134788,0.00047768002751544795,0.04777941347879899
2017-04-27,146.6699981689453,147.75,146.13999938964844,147.6999969482422,11275100,1.0077783802445321,0.007748284607713236,0.7778380244532146
2017-04-28,149.5,151.52999877929688,149.07000732421875,150.25,30652200,1.0172647468141207,0.01711740453985038,1.7264746814120713
2017-05-01,151.74000549316406,152.57000732421875,151.4199981689453,152.4600067138672,25218300,1.0147088633202475,0.014601737181719011,1.4708863320247456
2017-05-02,153.33999633789062,153.44000244140625,151.66000366210938,152.77999877929688,21870400,1.002098859053773,0.0020966595262369614,0.2098859053772939
2017-05-03,153.60000610351562,153.60000610351562,151.33999633789062,151.8000030517578,29782500,0.993585575760118,-0.006435085057937297,-0.6414424239882033
2017-05-04,150.1699981689453,151.52000427246094,148.72000122070312,150.85000610351562,36225500,0.9937417857105163,-0.0062778789994402725,-0.6258214289483699
2017-05-05,151.4499969482422,151.6300048828125,149.7899932861328,150.24000549316406,17148500,0.9959562440459367,-0.004051954043349771,-0.4043755954063255
2017-05-08,150.7100067138672,151.0800018310547,149.74000549316406,151.05999755859375,15827500,1.0054578809601216,0.005443040700924753,0.5457880960121564
2017-05-09,151.49000549316406,152.58999633789062,150.2100067138672,150.47999572753906,17453900,0.9961604538565565,-0.003846936122913637,-0.38395461434435063
2017-05-10,150.22999572753906,150.52000427246094,148.86000061035156,150.2899932861328,12080700,0.9987373574774,-0.0012634403273020754,-0.12626425225999993
2017-05-11,150.30999755859375,150.64999389648438,149.41000366210938,150.0399932861328,11841900,0.9983365492636357,-0.0016648358067511495,-0.16634507363643136
2017-05-12,150.39999389648438,150.4600067138672,149.6300048828125,150.3300018310547,9598200,1.0019328749526721,0.0019310093534739602,0.19328749526721367
2017-05-15,150.1699981689453,151.47999572753906,149.77000427246094,150.19000244140625,15064700,0.9990687195640044,-0.0009317143470369456,-0.09312804359955518
2017-05-16,150.11000061035156,150.2100067138672,149.02999877929688,149.77999877929688,14550800,0.9972701001701539,-0.00273363280169381,-0.2729899829846061
2017-05-17,148.0,148.6699981689453,144.4199981689453,144.85000610351562,28300100,0.9670851067167808,-0.03346877631908738,-3.291489328321917
2017-05-18,144.72000122070312,148.14999389648438,144.50999450683594,147.66000366210938,23031600,1.0193993609954397,0.01921359207981707,1.9399360995439707
2017-05-19,148.4499969482422,149.38999938964844,147.9600067138672,148.05999755859375,16187900,1.0027088845087644,0.002705222093672244,0.27088845087643865
2017-05-22,148.0800018310547,148.58999633789062,147.69000244140625,148.24000549316406,12586700,1.0012157769656795,0.00121503850733756,0.12157769656795381
2017-05-23,148.52000427246094,148.80999755859375,147.25,148.07000732421875,12817800,0.99885322340363,-0.0011474346477910468,-0.11467765963699694
2017-05-24,148.50999450683594,150.22999572753906,148.4199981689453,150.0399932861328,17862400,1.013304422668127,0.01321669608130813,1.3304422668126925
2017-05-25,150.3000030517578,152.58999633789062,149.9499969482422,151.9600067138672,19891400,1.0127966776436255,0.01271549203472589,1.2796677643625465
2017-05-26,152.22999572753906,152.25,151.14999389648438,152.1300048828125,14996200,1.001118703352425,0.0011180780701230476,0.11187033524249212
2017-05-30,151.97000122070312,152.89999389648438,151.63999938964844,152.3800048828125,13226000,1.0016433313085908,0.001641982517167882,0.16433313085908452
2017-05-31,152.6999969482422,153.35000610351562,151.08999633789062,151.4600067138672,18023900,0.993962474475225,-0.006055825075186072,-0.6037525524774989
2017-06-01,151.75,152.2899932861328,150.3000030517578,151.52999877929688,14530600,1.000462115821518,0.00046200907888535266,0.04621158215178944
2017-06-02,151.85000610351562,153.6300048828125,151.3000030517578,153.61000061035156,16854400,1.0137266669821876,0.013633309642218856,1.3726666982187608
2017-06-05,153.63999938964844,154.7100067138672,153.41000366210938,153.6300048828125,12520400,1.0001302276699529,0.00013021919106595887,0.013022766995285373
2017-06-06,153.41000366210938,154.52000427246094,152.47999572753906,152.80999755859375,13457100,0.9946624533088817,-0.005351842285082651,-0.53375466911183
2017-06-07,153.27000427246094,153.75,152.33999633789062,153.1199951171875,12066700,1.0020286471012794,0.0020265921754255367,0.20286471012793683
2017-06-08,154.0800018310547,154.72999572753906,153.10000610351562,154.7100067138672,17799400,1.0103840886062123,0.010330544311594539,1.0384088606212316
2017-06-09,154.77000427246094,155.58999633789062,146.61000061035156,149.60000610351562,35577700,0.9669704583504906,-0.033587333788164614,-3.302954164950944
2017-06-12,148.1699981689453,149.1999969482422,144.55999755859375,148.44000244140625,33170200,0.9922459651418282,-0.007784253699789176,-0.7754034858171832
2017-06-13,150.14999389648438,151.17999267578125,148.89999389648438,150.67999267578125,20483400,1.0150902061272815,0.014977481576581181,1.5090206127281514
2017-06-14,151.25999450683594,152.39999389648438,149.0500030517578,150.25,20808800,0.9971463187106302,-0.0028577608007524396,-0.28536812893698027
2017-06-15,147.6699981689453,150.0399932861328,146.3699951171875,149.8000030517578,18994200,0.9970050119917325,-0.0029994819599830306,-0.2994988008267474
2017-06-16,149.58999633789062,150.8300018310547,148.60000610351562,150.63999938964844,22882400,1.0056074520746197,0.005591788841839867,0.5607452074619657
2017-06-19,151.7100067138672,153.57000732421875,151.7100067138672,152.8699951171875,19026500,1.014803476743059,0.014694974774821859,1.480347674305893
2017-06-20,152.8800048828125,153.83999633789062,152.2100067138672,152.25,14743900,0.995944298181522,-0.004063948481989322,-0.405570181847803
2017-06-21,152.36000061035156,154.0800018310547,151.8800048828125,153.91000366210938,15039800,1.0109031439219007,0.010844133195692548,1.0903143921900726
2017-06-22,153.00999450683594,154.5500030517578,152.91000366210938,153.39999389648438,13005500,0.9966863117829257,-0.0033191906407813157,-0.331368821707434
2017-06-23,152.72000122070312,155.1999969482422,152.64999389648438,155.07000732421875,18027000,1.0108866590233458,0.010827825962832601,1.0886659023345846
2017-06-26,156.25,156.5,153.1999969482422,153.58999633789062,18049700,0.9904558527347346,-0.009589984523623935,-0.9544147265265424
2017-06-27,152.83999633789062,153.30999755859375,150.38999938964844,150.5800018310547,19360800,0.9804024052438018,-0.0197921740021377,-1.9597594756198156
2017-06-28,150.9199981689453,153.47000122070312,149.86000061035156,153.24000549316406,16719100,1.017665052661467,0.017510839097261737,1.7665052661467007
2017-06-29,152.27999877929688,152.5,148.9199981689453,151.0399932861328,23973500,0.9856433559895076,-0.014460697732982414,-1.4356644010492414
2017-06-30,151.89999389648438,151.9199981689453,150.05999755859375,150.97999572753906,17666000,0.9996027703836023,-0.0003973085329810872,-0.03972296163976541
2017-07-03,151.72000122070312,152.14999389648438,147.8000030517578,148.42999267578125,13862700,0.9831103250502167,-0.017033932121213072,-1.6889674949783329
2017-07-05,149.0,150.85000610351562,148.1300048828125,150.33999633789062,14334300,1.0128680439018913,0.012785954098399437,1.2868043901891335
2017-07-06,149.02999877929688,150.0399932861328,148.0,148.82000732421875,14951800,0.9898896564407539,-0.010161800206074226,-1.0110343559246115
2017-07-07,149.25,151.99000549316406,149.19000244140625,151.44000244140625,13615900,1.0176051269200626,0.01745195183794554,1.7605126920062553
2017-07-10,151.69000244140625,153.97999572753906,151.50999450683594,153.5,13378700,1.0136027306219226,0.013511044004907194,1.3602730621922632
2017-07-11,153.3699951171875,155.4199981689453,152.91000366210938,155.27000427246094,13667700,1.011530972459029,0.011464997482158599,1.1530972459028899
2017-07-12,156.49000549316406,159.16000366210938,156.1999969482422,158.89999389648438,22739400,1.0233785633035322,0.023109470622210488,2.3378563303532163
2017-07-13,158.74000549316406,159.77999877929688,158.4199981689453,159.25999450683594,13929200,1.002265579761986,0.002263017205877296,0.22655797619859364
2017-07-14,160.1300048828125,160.32000732421875,159.3300018310547,159.97000122070312,16371200,1.0044581611098617,0.004448252946831298,0.4458161109861747
2017-07-17,160.25,160.77999877929688,158.80999755859375,159.72999572753906,12858800,0.9984996843699905,-0.001501442230482874,-0.15003156300095188
2017-07-18,159.66000366210938,163.72999572753906,159.4199981689453,162.86000061035156,23722900,1.0195955986134972,0.019406076732845407,1.9595598613497245
2017-07-19,163.58999633789062,165.6999969482422,163.1699981689453,164.13999938964844,26273600,1.007859503711776,0.007828778696391836,0.7859503711775906
2017-07-20,164.8000030517578,165.0,162.80999755859375,164.52999877929688,18523100,1.0023760167606839,0.0023731984961400964,0.23760167606838856
2017-07-21,164.16000366210938,165.0500030517578,163.75,164.42999267578125,14744000,0.999392171006761,-0.0006080137961709934,-0.0607828993238968
2017-07-24,164.63999938964844,166.1699981689453,164.30999755859375,166.0,17367000,1.0095481809533036,0.009502885173490072,0.9548180953303564
2017-07-25,165.00999450683594,165.5399932861328,163.86000061035156,165.27999877929688,15383200,0.9956626432487764,-0.0043467903708823,-0.4337356751223598
2017-07-26,166.00999450683594,166.00999450683594,164.10000610351562,165.61000061035156,35236900,1.001996622903509,0.0019946323012140573,0.19966229035091043
2017-07-27,174.6999969482422,175.49000549316406,167.5,170.44000244140625,68910700,1.029164916449815,0.028747712668975366,2.9164916449814893
2017-07-28,169.07000732421875,173.42999267578125,169.0500030517578,172.4499969482422,24557600,1.0117929739383038,0.011723978730520552,1.1792973938303808
2017-07-31,172.0,172.72000122070312,168.5500030517578,169.25,25478900,0.9814439141497775,-0.01873040989398635,-1.8556085850222503
2017-08-01,169.82000732421875,170.47000122070312,169.0500030517578,169.86000061035156,14385000,1.0036041394998616,0.0035976601527414,0.3604139499861603
2017-08-02,170.3000030517578,170.5500030517578,166.91000366210938,169.3000030517578,17433800,0.996703181699155,-0.003302264780296094,-0.329681830084505
2017-08-03,169.3000030517578,169.6999969482422,168.25,168.58999633789062,10793800,0.9958062214939823,-0.004202597059104604,-0.41937785060176536
2017-08-04,168.97000122070312,170.05999755859375,168.69000244140625,169.6199951171875,10777700,1.006109489303461,0.006090902041055138,0.6109489303461002
2017-08-07,169.9499969482422,172.05999755859375,169.66000366210938,171.97999572753906,12787800,1.0139134576010398,0.013817553993192112,1.3913457601039791
2017-08-08,171.8800048828125,173.0500030517578,170.6199951171875,171.22999572753906,14393500,0.9956390276855909,-0.004370509090683863,-0.43609723144091284
2017-08-09,169.97999572753906,171.4499969482422,169.55999755859375,171.17999267578125,10815000,0.9997079772644661,-0.00029206538247567975,-0.029202273553385893
2017-08-10,170.05999755859375,170.58999633789062,166.85000610351562,167.39999389648438,20832700,0.9779179872588482,-0.02232947007210527,-2.2082012741151846
2017-08-11,167.9499969482422,168.82000732421875,166.85000610351562,168.0800018310547,13791200,1.0040621741897482,0.0040539458359848506,0.4062174189748191
2017-08-14,170.08999633789062,171.0800018310547,169.2899932861328,170.75,12954200,1.0158852816507526,0.015760431020207147,1.5885281650752647
2017-08-15,171.49000549316406,171.5,170.00999450683594,171.0,8729200,1.0014641288433381,0.0014630580517603152,0.14641288433381305
2017-08-16,171.25,171.3800048828125,169.24000549316406,170.0,15779900,0.9941520467836257,-0.005865119452398134,-0.5847953216374324
2017-08-17,169.33999633789062,169.86000061035156,166.85000610351562,166.91000366210938,17216000,0.9818235509535845,-0.018343670119312976,-1.8176449046415466
2017-08-18,166.83999633789062,168.6699981689453,166.2100067138672,167.41000366210938,15093600,1.0029956263197513,0.0029911483718376565,0.29956263197512545
2017-08-21,167.16000366210938,168.0,165.82000732421875,167.77999877929688,11907500,1.0022101135481383,0.002207674839744407,0.22101135481382705
2017-08-22,168.27999877929688,169.8699951171875,167.14999389648438,169.63999938964844,11391000,1.0110859495999776,0.011024950865936738,1.1085949599977551
2017-08-23,168.83999633789062,169.36000061035156,168.1999969482422,168.7100067138672,9856500,0.994517845560438,-0.005497236595272286,-0.5482154439562015
2017-08-24,168.8800048828125,169.2899932861328,166.41000366210938,167.74000549316406,14030400,0.9942504819980936,-0.005766110108843664,-0.5749518001906373
2017-08-25,167.86000061035156,168.3800048828125,166.17999267578125,166.32000732421875,12614500,0.9915345288992304,-0.008501506717685804,-0.8465471100769562
2017-08-28,166.91000366210938,167.6999969482422,166.3300018310547,167.24000549316406,8553700,1.0055314942786884,0.0055162517476921675,0.5531494278688376
2017-08-29,165.25,168.42999267578125,165.0,168.0500030517578,11121000,1.004843324156832,0.004831632996577012,0.4843324156831974
2017-08-30,168.1699981689453,170.17999267578125,167.6300048828125,169.9199981689453,11138300,1.0111276113253718,0.01106615494665811,1.1127611325371767
2017-08-31,170.39999389648438,172.14999389648438,170.05999755859375,171.97000122070312,17226500,1.012064519031595,0.011992322816864368,1.206451903159489
2017-09-01,172.39999389648438,172.9199981689453,171.30999755859375,172.02000427246094,11677600,1.0002907661301557,0.00029072386587692105,0.02907661301556619
2017-09-05,171.27000427246094,172.38999938964844,169.5500030517578,170.72000122070312,13210900,0.9924427216633552,-0.007585979256568183,-0.7557278336644768
2017-09-06,170.91000366210938,172.47999572753906,169.57000732421875,172.08999633789062,13906300,1.008024807330082,0.007992779792854654,0.8024807330081929
2017-09-07,171.94000244140625,173.30999755859375,170.27000427246094,173.2100067138672,18049500,1.0065082828741392,0.00648719544699665,0.6508282874139182
2017-09-08,173.08999633789062,173.49000549316406,170.8000030517578,170.9499969482422,10998500,0.9869521986142613,-0.013133671710064028,-1.3047801385738689
2017-09-11,172.39999389648438,173.88999938964844,172.1999969482422,173.50999450683594,12372000,1.0149751249154384,0.01486410472096316,1.4975124915438398
2017-09-12,173.75999450683594,174.0,171.75,172.9600067138672,11186300,0.9968302241347424,-0.0031748102461632037,-0.31697758652575736
2017-09-13,173.00999450683594,173.1699981689453,172.05999755859375,173.0500030517578,9119300,1.0005203303330088,0.0005201950081214702,0.05203303330088005
2017-09-14,172.25999450683594,172.27999877929688,170.5,170.9600067138672,15615700,0.98792258710758,-0.01215093743401587,-1.2077412892420036
2017-09-15,170.8800048828125,172.33999633789062,170.25999450683594,171.63999938964844,15660500,1.0039774956076093,0.003969606284866682,0.3977495607609294
2017-09-18,171.99000549316406,172.07000732421875,169.33999633789062,170.00999450683594,12954000,0.9905033506839385,-0.009542030028517704,-0.9496649316061534
2017-09-19,170.6199951171875,172.55999755859375,170.36000061035156,172.52000427246094,13168600,1.014763895339836,0.014655970005852384,1.4763895339835909
2017-09-20,172.5,173.0500030517578,170.6999969482422,172.1699981689453,12264100,0.997971214381824,-0.0020308463914347507,-0.20287856181759878
2017-09-21,171.69000244140625,172.27000427246094,170.00999450683594,171.11000061035156,11161400,0.9938433085330372,-0.00617572204233371,-0.6156691466962849
2017-09-22,170.2100067138672,171.72999572753906,169.22000122070312,170.5399932861328,12097100,0.996668766745453,-0.0033367941652733494,-0.33312332545469836
2017-09-25,169.24000549316406,169.3000030517578,161.55999755859375,162.8699951171875,41251600,0.9550252229922599,-0.046017527339964816,-4.497477700774011
2017-09-26,164.5,165.5,162.77999877929688,164.2100067138672,23363300,1.0082274920909498,0.008193830783952106,0.8227492090949751
2017-09-27,165.89999389648438,168.33999633789062,165.57000732421875,167.67999267578125,19242500,1.0211313916329134,0.020911220063330876,2.1131391632913443
2017-09-28,167.94000244140625,169.07000732421875,167.16000366210938,168.72999572753906,12178700,1.0062619459543278,0.006242421436021083,0.626194595432783
2017-09-29,168.8300018310547,171.66000366210938,168.80999755859375,170.8699951171875,15340400,1.0126829813538551,0.012603225995040254,1.268298135385515
2017-10-02,171.38999938964844,171.8699951171875,168.75,169.47000122070312,13392300,0.9918066721104298,-0.008227077675654297,-0.8193327889570168
2017-10-03,169.3000030517578,170.72999572753906,169.1999969482422,169.9600067138672,8190300,1.0028913995965925,0.002887227540897557,0.2891399596592459
2017-10-04,169.8300018310547,170.6699981689453,168.2899932861328,168.4199981689453,12127900,0.9909389945629119,-0.009102306019350295,-0.9061005437088099
2017-10-05,169.17999267578125,171.30999755859375,168.60000610351562,171.24000549316406,14580600,1.0167438983189512,0.016605264625597665,1.6743898318951178
2017-10-06,170.25,172.3699951171875,169.75,172.22999572753906,13124500,1.0057813022811104,0.005764654685448857,0.5781302281110401
2017-10-09,172.6999969482422,174.8800048828125,172.0,172.5,14570400,1.0015676959830393,0.0015664684304770252,0.15676959830392967
2017-10-10,173.0,173.1999969482422,170.8000030517578,171.58999633789062,11341100,0.9947246164515399,-0.005289347516092436,-0.5275383548460133
2017-10-11,171.9499969482422,172.77999877929688,171.39999389648438,172.74000549316406,11283700,1.0067020757609253,0.006679716697002609,0.6702075760925297
2017-10-12,172.61000061035156,173.85000610351562,172.2899932861328,172.5500030517578,10351000,0.998900066948222,-0.001100538422089143,-0.10999330517780237
2017-10-13,173.4499969482422,174.64999389648438,173.1999969482422,173.74000549316406,13658300,1.0068965657511424,0.006872893218691028,0.6896565751142392
2017-10-16,174.49000549316406,175.0,174.05999755859375,174.52000427246094,11498800,1.0044894598517067,0.00447941228769304,0.44894598517066786
2017-10-17,174.7100067138672,176.1300048828125,174.36000061035156,176.11000061035156,15990100,1.0091106824373457,0.009069430536114743,0.9110682437345696
2017-10-18,176.64999389648438,176.74000549316406,175.75,176.02999877929688,12752400,0.9995457280632706,-0.000454375149484628,-0.045427193672942234
2017-10-19,174.92999267578125,176.02999877929688,172.6300048828125,174.55999755859375,14048400,0.9916491437204054,-0.00838592002454696,-0.8350856279594643
2017-10-20,175.5,175.8800048828125,174.6300048828125,174.97999572753906,12602200,1.002406039039983,0.002403149162562338,0.24060390399829323
2017-10-23,175.1999969482422,175.33999633789062,171.25,171.27000427246094,13852700,0.9787976251819382,-0.021430373671224374,-2.1202374818061753
2017-10-24,172.3000030517578,173.24000549316406,171.5,171.8000030517578,12267900,1.0030945219015335,0.0030897437235470715,0.3094521901533476
2017-10-25,171.89999389648438,172.25,168.88999938964844,170.60000610351562,15868200,0.9930151517641087,-0.007009356479247719,-0.6984848235891294
2017-10-26,171.3800048828125,172.2899932861328,170.38999938964844,170.6300048828125,11833100,1.0001758427797398,0.00017582732121037054,0.01758427797398099
2017-10-27,174.14999389648438,178.2100067138672,173.89999389648438,177.8800048828125,30285300,1.0424895961585376,0.041611694936981254,4.248959615853765
2017-10-30,179.25999450683594,180.69000244140625,177.61000061035156,179.8699951171875,24353200,1.011187262085393,0.011125147501005425,1.1187262085393002
2017-10-31,180.57000732421875,180.8000030517578,178.94000244140625,180.05999755859375,20174200,1.001056332054062,0.0010557745279450143,0.10563320540619703
2017-11-01,182.36000061035156,182.89999389648438,180.57000732421875,182.66000366210938,40918300,1.0144396653269394,0.014336406190826172,1.443966532693941
2017-11-02,180.6300048828125,181.94000244140625,177.33999633789062,178.9199981689453,35529900,0.9795247705125285,-0.020687752981590778,-2.047522948747149
2017-11-03,179.2899932861328,179.86000061035156,176.7100067138672,178.9199981689453,17822100,1.0,0.0,0.0
2017-11-06,178.55999755859375,180.4499969482422,178.30999755859375,180.1699981689453,13312700,1.0069863626916633,0.0069620711339632504,0.6986362691663306
2017-11-07,180.5,180.75,178.9600067138672,180.25,12928200,1.0004440352548578,0.00044393670037739575,0.04440352548578108
2017-11-08,179.7899932861328,180.35000610351562,179.11000061035156,179.55999755859375,10494100,0.9961719698118932,-0.0038353758479314284,-0.38280301881068457
2017-11-09,178.30999755859375,179.39999389648438,177.08999633789062,179.3000030517578,12610300,0.9985520466118791,-0.0014490026856395332,-0.14479533881208706
2017-11-10,178.35000610351562,179.10000610351562,177.9600067138672,178.4600067138672,11070200,0.9953151348377381,-0.00469587353835106,-0.4684865162261853
2017-11-13,177.5,179.0399932861328,177.3000030517578,178.77000427246094,9523400,1.0017370701946167,0.0017355632330657625,0.17370701946166633
2017-11-14,178.1300048828125,178.97000122070312,177.17999267578125,178.07000732421875,9585900,0.996084371362573,-0.003923314781858946,-0.39156286374270044
2017-11-15,176.66000366210938,178.57000732421875,176.39999389648438,177.9499969482422,10253700,0.999326049469083,-0.000674177737665881,-0.06739505309170113
2017-11-16,178.75999450683594,179.8300018310547,178.5,179.58999633789062,15607600,1.009216068658464,0.009173859832468049,0.9216068658463916
2017-11-17,179.3000030517578,179.97999572753906,178.89999389648438,179.0,13018000,0.9967147594525222,-0.0032906487983904798,-0.3285240547477808
2017-11-20,178.8699951171875,179.5,178.10000610351562,178.74000549316406,10052400,0.9985475167215869,-0.0014535391548024937,-0.14524832784130748
2017-11-21,179.14999389648438,181.88999938964844,178.99000549316406,181.86000061035156,14504000,1.0174554941328275,0.01730489696797587,1.7455494132827543
2017-11-22,181.3000030517578,181.72999572753906,180.44000244140625,180.8699951171875,10376300,0.9945562218748408,-0.005458649480759162,-0.5443778125159171
2017-11-24,180.39999389648438,183.14999389648438,180.2899932861328,182.77999877929688,9426300,1.0105600913013342,0.010504722992348479,1.0560091301334174
2017-11-27,182.55999755859375,183.72999572753906,181.99000549316406,183.02999877929688,12344500,1.001367764534794,0.0013668299969374824,0.1367764534794036
2017-11-28,183.50999450683594,184.25,182.08999633789062,182.4199981689453,14379700,0.9966672096682516,-0.0033383564480192808,-0.3332790331748381
2017-11-29,181.88999938964844,181.97000122070312,174.0,175.1300048828125,41933500,0.9600373130177247,-0.040783127548789135,-3.996268698227534
2017-11-30,176.85000610351562,178.27999877929688,175.1999969482422,177.17999267578125,25307600,1.0117055201039964,0.011637540480510133,1.1705520103996392
2017-12-01,176.02999877929688,177.47999572753906,172.33999633789062,175.10000610351562,20182500,0.9882606013192936,-0.011808849497037683,-1.1739398680706392
2017-12-04,176.2899932861328,176.57000732421875,170.7899932861328,171.47000122070312,24459400,0.979268961985835,-0.02094894283931152,-2.073103801416498
2017-12-05,170.4499969482422,175.3800048828125,169.00999450683594,172.8300018310547,20184900,1.0079314200773877,0.007900131697135679,0.7931420077387674
2017-12-06,172.5,176.77000427246094,171.89999389648438,176.05999755859375,20255800,1.018688860112936,0.01851636915891753,1.8688860112936023
2017-12-07,175.8000030517578,180.38999938964844,175.8000030517578,180.13999938964844,20404500,1.023173928704031,0.022909490801529216,2.31739287040309
2017-12-08,181.52999877929688,182.27999877929688,178.74000549316406,179.0,19883800,0.9936715921310593,-0.0063485171266349835,-0.6328407868940733
2017-12-11,179.3000030517578,180.22000122070312,178.8000030517578,179.0399932861328,13168600,1.0002234261795129,0.0002234012236011632,0.022342617951287558
2017-12-12,178.60000610351562,179.17999267578125,176.60000610351562,176.9600067138672,16854100,0.9883825589239076,-0.011685450790359916,-1.1617441076092416
2017-12-13,177.3000030517578,179.16000366210938,177.25,178.3000030517578,14615700,1.0075723117487068,0.007543785710958228,0.7572311748706761
2017-12-14,178.2899932861328,180.36000061035156,177.67999267578125,178.38999938964844,13591000,1.0005047466985433,0.0005046193567768562,0.050474669854327914
2017-12-15,179.02000427246094,180.49000549316406,178.36000061035156,180.17999267578125,28463100,1.0100341571402947,0.009984149232107045,1.0034157140294653
2017-12-18,181.00999450683594,181.3000030517578,179.75,180.82000732421875,17265400,1.0035520849953032,0.0035457912409598805,0.35520849953032396
2017-12-19,179.9499969482422,180.0800018310547,178.22000122070312,179.50999450683594,14920600,0.9927551556004868,-0.0072712157327005054,-0.7244844399513228
2017-12-20,179.80999755859375,179.80999755859375,177.36000061035156,177.88999938964844,11860500,0.9909754600481266,-0.009065507775981094,-0.9024539951873356
2017-12-21,177.94000244140625,178.67999267578125,177.0500030517578,177.4499969482422,11600700,0.9975265476254094,-0.0024765164114576195,-0.24734523745906234
2017-12-22,177.13999938964844,177.52999877929688,176.22999572753906,177.1999969482422,8509500,0.9985911524130772,-0.0014098409457882035,-0.14088475869228345
2017-12-26,176.6300048828125,177.0,174.6699981689453,175.99000549316406,8897300,0.9931716056663842,-0.006851814493818845,-0.6828394333615817
2017-12-27,176.5500030517578,178.44000244140625,176.25999450683594,177.6199951171875,9496100,1.0092618306332557,0.009219202885087726,0.9261830633255697
2017-12-28,177.9499969482422,178.94000244140625,177.67999267578125,177.9199981689453,12220800,1.0016890162144183,0.0016875914306283617,0.1689016214418304
2017-12-29,178.0,178.85000610351562,176.4600067138672,176.4600067138672,10261500,0.9917941126905151,-0.008239740929279865,-0.8205887309484905
2018-01-02,177.67999267578125,181.5800018310547,177.5500030517578,181.4199981689453,18151900,1.0281083036742757,0.027720515252405556,2.8108303674275747
2018-01-03,181.8800048828125,184.77999877929688,181.3300018310547,184.6699981689453,16886600,1.0179142323492556,0.017755663448607906,1.7914232349255599
2018-01-04,184.89999389648438,186.2100067138672,184.10000610351562,184.3300018310547,13880900,0.9981588978108963,-0.0018427991008508992,-0.1841102189103716
2018-01-05,185.58999633789062,186.89999389648438,184.92999267578125,186.85000610351562,13574500,1.0136711563360727,0.013578549155164687,1.3671156336072743
2018-01-08,187.1999969482422,188.89999389648438,186.3300018310547,188.27999877929688,17994700,1.007653158303827,0.007624021452680539,0.7653158303827068
2018-01-09,188.6999969482422,188.8000030517578,187.10000610351562,187.8699951171875,12393100,0.9978223727174017,-0.0021800017606676807,-0.21776272825982934
2018-01-10,186.94000244140625,187.88999938964844,185.6300048828125,187.83999633789062,10529900,0.999840321604958,-0.00015969114499425198,-0.015967839504205106
2018-01-11,188.39999389648438,188.39999389648438,187.3800048828125,187.77000427246094,9588600,0.9996273846529267,-0.00037268478542150423,-0.03726153470733351
2018-01-12,178.05999755859375,181.47999572753906,177.39999389648438,179.3699951171875,77551300,0.9552643714962868,-0.04576714801950338,-4.473562850371316
2018-01-16,181.5,181.75,178.0399932861328,178.38999938964844,36183800,0.994536456741838,-0.0054785229971779465,-0.5463543258162007
2018-01-17,179.25999450683594,179.32000732421875,175.8000030517578,177.60000610351562,27992400,0.9955715382653976,-0.004438296417020103,-0.4428461734602429
2018-01-18,178.1300048828125,180.97999572753906,177.0800018310547,179.8000030517578,23304900,1.012387369778354,0.012311274085877674,1.2387369778354085
2018-01-19,180.85000610351562,182.3699951171875,180.1699981689453,181.2899932861328,26826500,1.0082869310850127,0.008252782997134403,0.8286931085012661
